<?xml version="1.0" encoding="UTF-8" standalone="yes"?>
<library-item xmlns="http://spotfire.tibco.com/ws/2008/12/library">
    <title>library</title>
    <item-type>
        <label>folder</label>
        <label-prefix>spotfire</label-prefix>
        <is-container>true</is-container>
    </item-type>
    <format-version>29.11.0.610</format-version>
    <created>2016-01-29T19:48:43.885Z</created>
    <modified>2016-01-29T19:48:43.885Z</modified>
    <children>
        <library-item>
            <id>40ca5857-7c96-4591-8135-3921a621dc19</id>
            <title>InformationPackage</title>
            <item-type>
                <label>folder</label>
                <label-prefix>spotfire</label-prefix>
                <is-container>true</is-container>
            </item-type>
            <created-by>NetAnServer02@SPOTFIRE</created-by>
            <created>2016-01-23T12:16:15.000Z</created>
            <modified-by>NetAnServer02@SPOTFIRE</modified-by>
            <modified>2016-01-29T19:46:23.000Z</modified>
            <accessed>2016-01-23T13:33:55.000Z</accessed>
            <properties/>
            <keywords/>
            <children>
                <library-item>
                    <id>3a9ff8a6-e75b-4f03-bf19-637598eb8bb8</id>
                    <title>Columns</title>
                    <item-type>
                        <label>folder</label>
                        <label-prefix>spotfire</label-prefix>
                        <is-container>true</is-container>
                    </item-type>
                    <created-by>NetAnServer02@SPOTFIRE</created-by>
                    <created>2016-01-23T12:16:42.000Z</created>
                    <modified-by>NetAnServer02@SPOTFIRE</modified-by>
                    <modified>2016-01-29T19:46:03.000Z</modified>
                    <accessed>2016-01-23T13:33:55.000Z</accessed>
                    <properties/>
                    <keywords/>
                    <children>
                        <library-item>
                            <id>4185a2e6-5a63-49d7-8175-098a749d2008</id>
                            <title>PRODUCT-ID</title>
                            <item-type>
<label>column</label>
<label-prefix>spotfire</label-prefix>
<is-container>false</is-container>
                            </item-type>
                            <created-by>NetAnServer02@SPOTFIRE</created-by>
                            <created>2016-01-29T19:46:02.000Z</created>
                            <modified-by>NetAnServer02@SPOTFIRE</modified-by>
                            <modified>2016-01-29T19:46:02.000Z</modified>
                            <accessed>2016-01-29T19:46:23.000Z</accessed>
                            <properties>
<property>
    <name>schema</name>
    <value>dbo</value>
</property>
<property>
    <name>datatype</name>
    <value>string</value>
</property>
<property>
    <name>catalog</name>
    <value>netAnServer_repdb</value>
</property>
<property>
    <name>column</name>
    <value>PRODUCT-ID</value>
</property>
<property>
    <name>table</name>
    <value>NETWORK_ANALYTICS_PLATFORM</value>
</property>
                            </properties>
                            <keywords/>
                            <dependencies>
<dependency>
    <requiredid>656cd862-fc63-43f5-ae4b-08d018591d10</requiredid>
    <description>Data source required by this column</description>
    <cascading-delete>false</cascading-delete>
</dependency>
                            </dependencies>
                            <hidden>false</hidden>
                        </library-item>
                        <library-item>
                            <id>85420c69-d0f5-4cf9-8e1f-770fe1dbe1e1</id>
                            <title>STATUS</title>
                            <item-type>
<label>column</label>
<label-prefix>spotfire</label-prefix>
<is-container>false</is-container>
                            </item-type>
                            <created-by>NetAnServer02@SPOTFIRE</created-by>
                            <created>2016-01-29T19:46:03.000Z</created>
                            <modified-by>NetAnServer02@SPOTFIRE</modified-by>
                            <modified>2016-01-29T19:46:03.000Z</modified>
                            <accessed>2016-01-29T19:46:23.000Z</accessed>
                            <properties>
<property>
    <name>schema</name>
    <value>dbo</value>
</property>
<property>
    <name>datatype</name>
    <value>string</value>
</property>
<property>
    <name>catalog</name>
    <value>netAnServer_repdb</value>
</property>
<property>
    <name>column</name>
    <value>STATUS</value>
</property>
<property>
    <name>table</name>
    <value>NETWORK_ANALYTICS_PLATFORM</value>
</property>
                            </properties>
                            <keywords/>
                            <dependencies>
<dependency>
    <requiredid>656cd862-fc63-43f5-ae4b-08d018591d10</requiredid>
    <description>Data source required by this column</description>
    <cascading-delete>false</cascading-delete>
</dependency>
                            </dependencies>
                            <hidden>false</hidden>
                        </library-item>
                        <library-item>
                            <id>8e330263-bf8f-40b8-b37c-b7da122c9823</id>
                            <title>PRODUCT-NAME</title>
                            <item-type>
<label>column</label>
<label-prefix>spotfire</label-prefix>
<is-container>false</is-container>
                            </item-type>
                            <created-by>NetAnServer02@SPOTFIRE</created-by>
                            <created>2016-01-29T19:46:03.000Z</created>
                            <modified-by>NetAnServer02@SPOTFIRE</modified-by>
                            <modified>2016-01-29T19:46:03.000Z</modified>
                            <accessed>2016-01-29T19:46:23.000Z</accessed>
                            <properties>
<property>
    <name>schema</name>
    <value>dbo</value>
</property>
<property>
    <name>datatype</name>
    <value>string</value>
</property>
<property>
    <name>catalog</name>
    <value>netAnServer_repdb</value>
</property>
<property>
    <name>column</name>
    <value>PRODUCT-NAME</value>
</property>
<property>
    <name>table</name>
    <value>NETWORK_ANALYTICS_PLATFORM</value>
</property>
                            </properties>
                            <keywords/>
                            <dependencies>
<dependency>
    <requiredid>656cd862-fc63-43f5-ae4b-08d018591d10</requiredid>
    <description>Data source required by this column</description>
    <cascading-delete>false</cascading-delete>
</dependency>
                            </dependencies>
                            <hidden>false</hidden>
                        </library-item>
                        <library-item>
                            <id>921b2e1c-a090-4e1c-9776-0001432a75ca</id>
                            <title>BUILD</title>
                            <item-type>
<label>column</label>
<label-prefix>spotfire</label-prefix>
<is-container>false</is-container>
                            </item-type>
                            <created-by>NetAnServer02@SPOTFIRE</created-by>
                            <created>2016-01-29T19:46:03.000Z</created>
                            <modified-by>NetAnServer02@SPOTFIRE</modified-by>
                            <modified>2016-01-29T19:46:03.000Z</modified>
                            <accessed>2016-01-29T19:46:23.000Z</accessed>
                            <properties>
<property>
    <name>schema</name>
    <value>dbo</value>
</property>
<property>
    <name>datatype</name>
    <value>string</value>
</property>
<property>
    <name>catalog</name>
    <value>netAnServer_repdb</value>
</property>
<property>
    <name>column</name>
    <value>BUILD</value>
</property>
<property>
    <name>table</name>
    <value>NETWORK_ANALYTICS_PLATFORM</value>
</property>
                            </properties>
                            <keywords/>
                            <dependencies>
<dependency>
    <requiredid>656cd862-fc63-43f5-ae4b-08d018591d10</requiredid>
    <description>Data source required by this column</description>
    <cascading-delete>false</cascading-delete>
</dependency>
                            </dependencies>
                            <hidden>false</hidden>
                        </library-item>
                        <library-item>
                            <id>c371656d-2973-45ec-920b-85d00b9c29f7</id>
                            <title>RELEASE</title>
                            <item-type>
<label>column</label>
<label-prefix>spotfire</label-prefix>
<is-container>false</is-container>
                            </item-type>
                            <created-by>NetAnServer02@SPOTFIRE</created-by>
                            <created>2016-01-29T19:46:03.000Z</created>
                            <modified-by>NetAnServer02@SPOTFIRE</modified-by>
                            <modified>2016-01-29T19:46:03.000Z</modified>
                            <accessed>2016-01-29T19:46:23.000Z</accessed>
                            <properties>
<property>
    <name>schema</name>
    <value>dbo</value>
</property>
<property>
    <name>datatype</name>
    <value>string</value>
</property>
<property>
    <name>catalog</name>
    <value>netAnServer_repdb</value>
</property>
<property>
    <name>column</name>
    <value>RELEASE</value>
</property>
<property>
    <name>table</name>
    <value>NETWORK_ANALYTICS_PLATFORM</value>
</property>
                            </properties>
                            <keywords/>
                            <dependencies>
<dependency>
    <requiredid>656cd862-fc63-43f5-ae4b-08d018591d10</requiredid>
    <description>Data source required by this column</description>
    <cascading-delete>false</cascading-delete>
</dependency>
                            </dependencies>
                            <hidden>false</hidden>
                        </library-item>
                        <library-item>
                            <id>cb97c827-0cdf-4a66-a58a-16e91697895a</id>
                            <title>INSTALL-DATE</title>
                            <item-type>
<label>column</label>
<label-prefix>spotfire</label-prefix>
<is-container>false</is-container>
                            </item-type>
                            <created-by>NetAnServer02@SPOTFIRE</created-by>
                            <created>2016-01-29T19:46:03.000Z</created>
                            <modified-by>NetAnServer02@SPOTFIRE</modified-by>
                            <modified>2016-01-29T19:46:03.000Z</modified>
                            <accessed>2016-01-29T19:46:23.000Z</accessed>
                            <properties>
<property>
    <name>schema</name>
    <value>dbo</value>
</property>
<property>
    <name>datatype</name>
    <value>datetime</value>
</property>
<property>
    <name>catalog</name>
    <value>netAnServer_repdb</value>
</property>
<property>
    <name>column</name>
    <value>INSTALL-DATE</value>
</property>
<property>
    <name>table</name>
    <value>NETWORK_ANALYTICS_PLATFORM</value>
</property>
                            </properties>
                            <keywords/>
                            <dependencies>
<dependency>
    <requiredid>656cd862-fc63-43f5-ae4b-08d018591d10</requiredid>
    <description>Data source required by this column</description>
    <cascading-delete>false</cascading-delete>
</dependency>
                            </dependencies>
                            <hidden>false</hidden>
                        </library-item>
                        <library-item>
                            <id>d048006e-1bfb-4be9-9b7a-9f450d465922</id>
                            <title>RSTATE</title>
                            <item-type>
<label>column</label>
<label-prefix>spotfire</label-prefix>
<is-container>false</is-container>
                            </item-type>
                            <created-by>NetAnServer02@SPOTFIRE</created-by>
                            <created>2016-01-29T19:46:03.000Z</created>
                            <modified-by>NetAnServer02@SPOTFIRE</modified-by>
                            <modified>2016-01-29T19:46:03.000Z</modified>
                            <accessed>2016-01-29T19:46:23.000Z</accessed>
                            <properties>
<property>
    <name>schema</name>
    <value>dbo</value>
</property>
<property>
    <name>datatype</name>
    <value>string</value>
</property>
<property>
    <name>catalog</name>
    <value>netAnServer_repdb</value>
</property>
<property>
    <name>column</name>
    <value>RSTATE</value>
</property>
<property>
    <name>table</name>
    <value>NETWORK_ANALYTICS_PLATFORM</value>
</property>
                            </properties>
                            <keywords/>
                            <dependencies>
<dependency>
    <requiredid>656cd862-fc63-43f5-ae4b-08d018591d10</requiredid>
    <description>Data source required by this column</description>
    <cascading-delete>false</cascading-delete>
</dependency>
                            </dependencies>
                            <hidden>false</hidden>
                        </library-item>
                    </children>
                    <hidden>false</hidden>
                </library-item>
                <library-item>
                    <id>432daffb-a78b-46f3-b018-ecb56ac0e33c</id>
                    <title>InformationLink</title>
                    <item-type>
                        <label>folder</label>
                        <label-prefix>spotfire</label-prefix>
                        <is-container>true</is-container>
                    </item-type>
                    <created-by>NetAnServer02@SPOTFIRE</created-by>
                    <created>2016-01-23T12:18:36.000Z</created>
                    <modified-by>NetAnServer02@SPOTFIRE</modified-by>
                    <modified>2016-01-29T19:46:23.000Z</modified>
                    <accessed>2016-01-23T13:33:55.000Z</accessed>
                    <properties/>
                    <keywords/>
                    <children>
                        <library-item>
                            <id>d4287283-cb6d-4336-aa63-8271be729a17</id>
                            <title>Informationlink</title>
                            <item-type>
<label>query</label>
<label-prefix>spotfire</label-prefix>
<is-container>false</is-container>
                            </item-type>
                            <created-by>NetAnServer02@SPOTFIRE</created-by>
                            <created>2016-01-29T19:46:23.000Z</created>
                            <modified-by>NetAnServer02@SPOTFIRE</modified-by>
                            <modified>2016-01-29T19:46:23.000Z</modified>
                            <accessed>2016-01-29T19:48:43.000Z</accessed>
                            <properties/>
                            <keywords/>
                            <dependencies>
<dependency>
    <requiredid>4185a2e6-5a63-49d7-8175-098a749d2008</requiredid>
    <description>Column required by this query</description>
    <cascading-delete>false</cascading-delete>
</dependency>
<dependency>
    <requiredid>8e330263-bf8f-40b8-b37c-b7da122c9823</requiredid>
    <description>Column required by this query</description>
    <cascading-delete>false</cascading-delete>
</dependency>
<dependency>
    <requiredid>cb97c827-0cdf-4a66-a58a-16e91697895a</requiredid>
    <description>Column required by this query</description>
    <cascading-delete>false</cascading-delete>
</dependency>
<dependency>
    <requiredid>d048006e-1bfb-4be9-9b7a-9f450d465922</requiredid>
    <description>Column required by this query</description>
    <cascading-delete>false</cascading-delete>
</dependency>
<dependency>
    <requiredid>85420c69-d0f5-4cf9-8e1f-770fe1dbe1e1</requiredid>
    <description>Column required by this query</description>
    <cascading-delete>false</cascading-delete>
</dependency>
<dependency>
    <requiredid>921b2e1c-a090-4e1c-9776-0001432a75ca</requiredid>
    <description>Column required by this query</description>
    <cascading-delete>false</cascading-delete>
</dependency>
<dependency>
    <requiredid>c371656d-2973-45ec-920b-85d00b9c29f7</requiredid>
    <description>Column required by this query</description>
    <cascading-delete>false</cascading-delete>
</dependency>
                            </dependencies>
                            <hidden>false</hidden>
                        </library-item>
                    </children>
                    <hidden>false</hidden>
                </library-item>
            </children>
            <hidden>false</hidden>
        </library-item>
    </children>
    <hidden>false</hidden>
</library-item>
