<?xml version="1.0" encoding="UTF-8" standalone="yes"?>
<library-item xmlns="http://spotfire.tibco.com/ws/2008/12/library">
    <title>library</title>
    <item-type>
        <label>folder</label>
        <label-prefix>spotfire</label-prefix>
        <is-container>true</is-container>
    </item-type>
    <format-version>29.11.0.610</format-version>
    <created>2016-01-23T14:28:11.628Z</created>
    <modified>2016-01-23T14:28:11.628Z</modified>
    <children>
        <library-item>
            <id>40ca5857-7c96-4591-8135-3921a621dc19</id>
            <title>InformationPackage</title>
            <item-type>
                <label>folder</label>
                <label-prefix>spotfire</label-prefix>
                <is-container>true</is-container>
            </item-type>
            <created-by>NetAnServer02@SPOTFIRE</created-by>
            <created>2016-01-23T12:16:15.000Z</created>
            <modified-by>NetAnServer02@SPOTFIRE</modified-by>
            <modified>2016-01-23T14:25:46.000Z</modified>
            <accessed>2016-01-23T13:33:55.000Z</accessed>
            <properties/>
            <keywords/>
            <children>
                <library-item>
                    <id>3a9ff8a6-e75b-4f03-bf19-637598eb8bb8</id>
                    <title>Columns</title>
                    <item-type>
                        <label>folder</label>
                        <label-prefix>spotfire</label-prefix>
                        <is-container>true</is-container>
                    </item-type>
                    <created-by>NetAnServer02@SPOTFIRE</created-by>
                    <created>2016-01-23T12:16:42.000Z</created>
                    <modified-by>NetAnServer02@SPOTFIRE</modified-by>
                    <modified>2016-01-23T14:25:46.000Z</modified>
                    <accessed>2016-01-23T13:33:55.000Z</accessed>
                    <properties/>
                    <keywords/>
                    <children>
                        <library-item>
                            <id>1eefe1b4-d12d-4e56-9097-5ea3459ab803</id>
                            <title>LIBRARY-PATH</title>
                            <item-type>
<label>column</label>
<label-prefix>spotfire</label-prefix>
<is-container>false</is-container>
                            </item-type>
                            <created-by>NetAnServer02@SPOTFIRE</created-by>
                            <created>2016-01-23T12:18:05.000Z</created>
                            <modified-by>NetAnServer02@SPOTFIRE</modified-by>
                            <modified>2016-01-23T14:25:46.000Z</modified>
                            <accessed>2016-01-23T14:25:46.000Z</accessed>
                            <properties>
<property>
    <name>schema</name>
    <value>dbo</value>
</property>
<property>
    <name>datatype</name>
    <value>string</value>
</property>
<property>
    <name>catalog</name>
    <value>netAnServer_repdb</value>
</property>
<property>
    <name>column</name>
    <value>LIBRARY-PATH</value>
</property>
<property>
    <name>table</name>
    <value>NETWORK_ANALYTICS_FEATURE</value>
</property>
                            </properties>
                            <keywords/>
                            <dependencies>
<dependency>
    <requiredid>b2c03869-32a2-4ec8-8f92-0191efe2f4ce</requiredid>
    <description>Data source required by this column</description>
    <cascading-delete>false</cascading-delete>
</dependency>
                            </dependencies>
                            <hidden>false</hidden>
                        </library-item>
                        <library-item>
                            <id>2c2fde91-28a1-4f8c-9cc9-4b6b1508e4d2</id>
                            <title>FEATURE-NAME</title>
                            <item-type>
<label>column</label>
<label-prefix>spotfire</label-prefix>
<is-container>false</is-container>
                            </item-type>
                            <created-by>NetAnServer02@SPOTFIRE</created-by>
                            <created>2016-01-23T12:18:04.000Z</created>
                            <modified-by>NetAnServer02@SPOTFIRE</modified-by>
                            <modified>2016-01-23T14:25:46.000Z</modified>
                            <accessed>2016-01-23T14:25:46.000Z</accessed>
                            <properties>
<property>
    <name>schema</name>
    <value>dbo</value>
</property>
<property>
    <name>datatype</name>
    <value>string</value>
</property>
<property>
    <name>catalog</name>
    <value>netAnServer_repdb</value>
</property>
<property>
    <name>column</name>
    <value>FEATURE-NAME</value>
</property>
<property>
    <name>table</name>
    <value>NETWORK_ANALYTICS_FEATURE</value>
</property>
                            </properties>
                            <keywords/>
                            <dependencies>
<dependency>
    <requiredid>b2c03869-32a2-4ec8-8f92-0191efe2f4ce</requiredid>
    <description>Data source required by this column</description>
    <cascading-delete>false</cascading-delete>
</dependency>
                            </dependencies>
                            <hidden>false</hidden>
                        </library-item>
                        <library-item>
                            <id>490bd12b-c6e3-4369-8f36-b301f90fa7f8</id>
                            <title>INSTALL-DATE</title>
                            <item-type>
<label>column</label>
<label-prefix>spotfire</label-prefix>
<is-container>false</is-container>
                            </item-type>
                            <created-by>NetAnServer02@SPOTFIRE</created-by>
                            <created>2016-01-23T12:18:05.000Z</created>
                            <modified-by>NetAnServer02@SPOTFIRE</modified-by>
                            <modified>2016-01-23T14:25:46.000Z</modified>
                            <accessed>2016-01-23T14:25:46.000Z</accessed>
                            <properties>
<property>
    <name>schema</name>
    <value>dbo</value>
</property>
<property>
    <name>datatype</name>
    <value>datetime</value>
</property>
<property>
    <name>catalog</name>
    <value>netAnServer_repdb</value>
</property>
<property>
    <name>column</name>
    <value>INSTALL-DATE</value>
</property>
<property>
    <name>table</name>
    <value>NETWORK_ANALYTICS_FEATURE</value>
</property>
                            </properties>
                            <keywords/>
                            <dependencies>
<dependency>
    <requiredid>b2c03869-32a2-4ec8-8f92-0191efe2f4ce</requiredid>
    <description>Data source required by this column</description>
    <cascading-delete>false</cascading-delete>
</dependency>
                            </dependencies>
                            <hidden>false</hidden>
                        </library-item>
                        <library-item>
                            <id>78753fac-152f-4b49-b6c9-d527ceec8595</id>
                            <title>BUILD</title>
                            <item-type>
<label>column</label>
<label-prefix>spotfire</label-prefix>
<is-container>false</is-container>
                            </item-type>
                            <created-by>NetAnServer02@SPOTFIRE</created-by>
                            <created>2016-01-23T12:18:05.000Z</created>
                            <modified-by>NetAnServer02@SPOTFIRE</modified-by>
                            <modified>2016-01-23T14:25:46.000Z</modified>
                            <accessed>2016-01-23T14:25:46.000Z</accessed>
                            <properties>
<property>
    <name>schema</name>
    <value>dbo</value>
</property>
<property>
    <name>datatype</name>
    <value>string</value>
</property>
<property>
    <name>catalog</name>
    <value>netAnServer_repdb</value>
</property>
<property>
    <name>column</name>
    <value>BUILD</value>
</property>
<property>
    <name>table</name>
    <value>NETWORK_ANALYTICS_FEATURE</value>
</property>
                            </properties>
                            <keywords/>
                            <dependencies>
<dependency>
    <requiredid>b2c03869-32a2-4ec8-8f92-0191efe2f4ce</requiredid>
    <description>Data source required by this column</description>
    <cascading-delete>false</cascading-delete>
</dependency>
                            </dependencies>
                            <hidden>false</hidden>
                        </library-item>
                        <library-item>
                            <id>8e42e3ba-71b4-4308-b4ae-219283626dc4</id>
                            <title>RELEASE</title>
                            <item-type>
<label>column</label>
<label-prefix>spotfire</label-prefix>
<is-container>false</is-container>
                            </item-type>
                            <created-by>NetAnServer02@SPOTFIRE</created-by>
                            <created>2016-01-23T12:18:05.000Z</created>
                            <modified-by>NetAnServer02@SPOTFIRE</modified-by>
                            <modified>2016-01-23T14:25:46.000Z</modified>
                            <accessed>2016-01-23T14:25:46.000Z</accessed>
                            <properties>
<property>
    <name>schema</name>
    <value>dbo</value>
</property>
<property>
    <name>datatype</name>
    <value>string</value>
</property>
<property>
    <name>catalog</name>
    <value>netAnServer_repdb</value>
</property>
<property>
    <name>column</name>
    <value>RELEASE</value>
</property>
<property>
    <name>table</name>
    <value>NETWORK_ANALYTICS_FEATURE</value>
</property>
                            </properties>
                            <keywords/>
                            <dependencies>
<dependency>
    <requiredid>b2c03869-32a2-4ec8-8f92-0191efe2f4ce</requiredid>
    <description>Data source required by this column</description>
    <cascading-delete>false</cascading-delete>
</dependency>
                            </dependencies>
                            <hidden>false</hidden>
                        </library-item>
                        <library-item>
                            <id>9ab5cb6d-c8bd-4fba-9c70-ab3592054a29</id>
                            <title>RSTATE</title>
                            <item-type>
<label>column</label>
<label-prefix>spotfire</label-prefix>
<is-container>false</is-container>
                            </item-type>
                            <created-by>NetAnServer02@SPOTFIRE</created-by>
                            <created>2016-01-23T12:18:05.000Z</created>
                            <modified-by>NetAnServer02@SPOTFIRE</modified-by>
                            <modified>2016-01-23T14:25:46.000Z</modified>
                            <accessed>2016-01-23T14:25:46.000Z</accessed>
                            <properties>
<property>
    <name>schema</name>
    <value>dbo</value>
</property>
<property>
    <name>datatype</name>
    <value>string</value>
</property>
<property>
    <name>catalog</name>
    <value>netAnServer_repdb</value>
</property>
<property>
    <name>column</name>
    <value>RSTATE</value>
</property>
<property>
    <name>table</name>
    <value>NETWORK_ANALYTICS_FEATURE</value>
</property>
                            </properties>
                            <keywords/>
                            <dependencies>
<dependency>
    <requiredid>b2c03869-32a2-4ec8-8f92-0191efe2f4ce</requiredid>
    <description>Data source required by this column</description>
    <cascading-delete>false</cascading-delete>
</dependency>
                            </dependencies>
                            <hidden>false</hidden>
                        </library-item>
                        <library-item>
                            <id>b05da056-2e20-457d-8af6-08151c38a84f</id>
                            <title>PRODUCT-ID</title>
                            <item-type>
<label>column</label>
<label-prefix>spotfire</label-prefix>
<is-container>false</is-container>
                            </item-type>
                            <created-by>NetAnServer02@SPOTFIRE</created-by>
                            <created>2016-01-23T12:18:04.000Z</created>
                            <modified-by>NetAnServer02@SPOTFIRE</modified-by>
                            <modified>2016-01-23T14:25:46.000Z</modified>
                            <accessed>2016-01-23T14:25:46.000Z</accessed>
                            <properties>
<property>
    <name>schema</name>
    <value>dbo</value>
</property>
<property>
    <name>datatype</name>
    <value>string</value>
</property>
<property>
    <name>catalog</name>
    <value>netAnServer_repdb</value>
</property>
<property>
    <name>column</name>
    <value>PRODUCT-ID</value>
</property>
<property>
    <name>table</name>
    <value>NETWORK_ANALYTICS_FEATURE</value>
</property>
                            </properties>
                            <keywords/>
                            <dependencies>
<dependency>
    <requiredid>b2c03869-32a2-4ec8-8f92-0191efe2f4ce</requiredid>
    <description>Data source required by this column</description>
    <cascading-delete>false</cascading-delete>
</dependency>
                            </dependencies>
                            <hidden>false</hidden>
                        </library-item>
                        <library-item>
                            <id>b7b183fa-1437-415c-90e6-af3665a4fc90</id>
                            <title>STATUS</title>
                            <item-type>
<label>column</label>
<label-prefix>spotfire</label-prefix>
<is-container>false</is-container>
                            </item-type>
                            <created-by>NetAnServer02@SPOTFIRE</created-by>
                            <created>2016-01-23T12:18:05.000Z</created>
                            <modified-by>NetAnServer02@SPOTFIRE</modified-by>
                            <modified>2016-01-23T14:25:46.000Z</modified>
                            <accessed>2016-01-23T14:25:46.000Z</accessed>
                            <properties>
<property>
    <name>schema</name>
    <value>dbo</value>
</property>
<property>
    <name>datatype</name>
    <value>string</value>
</property>
<property>
    <name>catalog</name>
    <value>netAnServer_repdb</value>
</property>
<property>
    <name>column</name>
    <value>STATUS</value>
</property>
<property>
    <name>table</name>
    <value>NETWORK_ANALYTICS_FEATURE</value>
</property>
                            </properties>
                            <keywords/>
                            <dependencies>
<dependency>
    <requiredid>b2c03869-32a2-4ec8-8f92-0191efe2f4ce</requiredid>
    <description>Data source required by this column</description>
    <cascading-delete>false</cascading-delete>
</dependency>
                            </dependencies>
                            <hidden>false</hidden>
                        </library-item>
                    </children>
                    <hidden>false</hidden>
                </library-item>
                <library-item>
                    <id>432daffb-a78b-46f3-b018-ecb56ac0e33c</id>
                    <title>InformationLink</title>
                    <item-type>
                        <label>folder</label>
                        <label-prefix>spotfire</label-prefix>
                        <is-container>true</is-container>
                    </item-type>
                    <created-by>NetAnServer02@SPOTFIRE</created-by>
                    <created>2016-01-23T12:18:36.000Z</created>
                    <modified-by>NetAnServer02@SPOTFIRE</modified-by>
                    <modified>2016-01-23T14:25:46.000Z</modified>
                    <accessed>2016-01-23T13:33:55.000Z</accessed>
                    <properties/>
                    <keywords/>
                    <children>
                        <library-item>
                            <id>e2ab7cc9-2cd0-4bd5-b599-9994fb895cdc</id>
                            <title>Informationlink</title>
                            <item-type>
<label>query</label>
<label-prefix>spotfire</label-prefix>
<is-container>false</is-container>
                            </item-type>
                            <created-by>NetAnServer02@SPOTFIRE</created-by>
                            <created>2016-01-23T12:19:30.000Z</created>
                            <modified-by>NetAnServer02@SPOTFIRE</modified-by>
                            <modified>2016-01-23T14:25:46.000Z</modified>
                            <accessed>2016-01-23T14:25:46.000Z</accessed>
                            <properties/>
                            <keywords/>
                            <dependencies>
<dependency>
    <requiredid>490bd12b-c6e3-4369-8f36-b301f90fa7f8</requiredid>
    <description>Column required by this query</description>
    <cascading-delete>false</cascading-delete>
</dependency>
<dependency>
    <requiredid>78753fac-152f-4b49-b6c9-d527ceec8595</requiredid>
    <description>Column required by this query</description>
    <cascading-delete>false</cascading-delete>
</dependency>
<dependency>
    <requiredid>8e42e3ba-71b4-4308-b4ae-219283626dc4</requiredid>
    <description>Column required by this query</description>
    <cascading-delete>false</cascading-delete>
</dependency>
<dependency>
    <requiredid>b05da056-2e20-457d-8af6-08151c38a84f</requiredid>
    <description>Column required by this query</description>
    <cascading-delete>false</cascading-delete>
</dependency>
<dependency>
    <requiredid>1eefe1b4-d12d-4e56-9097-5ea3459ab803</requiredid>
    <description>Column required by this query</description>
    <cascading-delete>false</cascading-delete>
</dependency>
<dependency>
    <requiredid>2c2fde91-28a1-4f8c-9cc9-4b6b1508e4d2</requiredid>
    <description>Column required by this query</description>
    <cascading-delete>false</cascading-delete>
</dependency>
<dependency>
    <requiredid>9ab5cb6d-c8bd-4fba-9c70-ab3592054a29</requiredid>
    <description>Column required by this query</description>
    <cascading-delete>false</cascading-delete>
</dependency>
<dependency>
    <requiredid>b7b183fa-1437-415c-90e6-af3665a4fc90</requiredid>
    <description>Column required by this query</description>
    <cascading-delete>false</cascading-delete>
</dependency>
                            </dependencies>
                            <hidden>false</hidden>
                        </library-item>
                    </children>
                    <hidden>false</hidden>
                </library-item>
            </children>
            <hidden>false</hidden>
        </library-item>
    </children>
    <hidden>false</hidden>
</library-item>
